{"snr": 259.4797058105469, "loss": 0.0344715341925621, "_timestamp": 1701775950.417897, "_runtime": 57.366703033447266, "_step": 9, "_wandb": {"runtime": 51}}